7606F043-6D8F-405A-92B5-C1EF67ECEC87,Scheduled,"Scheduled 3rd appt for Apr 26, 2024 @ 1:45PM w/PM Designer1"
7606F043-6D8F-405A-92B5-C1EF67ECEC87,Rescheduled,"Rescheduled 3rd appt for Apr 26, 2024 @ 1:45PM w/PM Designer1"
7606F043-6D8F-405A-92B5-C1EF67ECEC87,Reassigned,"Reassigned 3rd appt for Apr 26, 2024 @ 1:45PM w/PM Designer1"
7606F043-6D8F-405A-92B5-C1EF67ECEC87,Changed Start Time,"Changed Start Time for 3rd appt on Apr 26, 2024 w/PM Designer1 to 1:45PM"
7606F043-6D8F-405A-92B5-C1EF67ECEC87,Changed Duration,"Changed Duration for 3rd appt on Apr 26, 2024 w/PM Designer1 to 2h"
7606F043-6D8F-405A-92B5-C1EF67ECEC87,Scheduled,"Scheduled 3rd provisional appt for Apr 26, 2024 @ 1:45PM w/PM Designer1"
7606F043-6D8F-405A-92B5-C1EF67ECEC87,Rescheduled,"Rescheduled 3rd provisional appt for Apr 26, 2024 @ 1:45PM w/PM Designer1"
7606F043-6D8F-405A-92B5-C1EF67ECEC87,Reassigned,"Reassigned 3rd provisional appt for Apr 26, 2024 @ 1:45PM w/PM Designer1"
7606F043-6D8F-405A-92B5-C1EF67ECEC87,Changed Start Time,"Changed Start Time for 3rd provisional appt on Apr 26, 2024 w/PM Designer1 to 1:45PM"
7606F043-6D8F-405A-92B5-C1EF67ECEC87,Changed Duration,"Changed Duration for 3rd provisional appt on Apr 26, 2024 w/PM Designer1 to 2h"
B6552A43-6369-4159-88DF-A6042D925174,Scheduled,"Scheduled 1st appt for Apr 24, 2019 @ 10:15AM w/PM Designer1"
B6552A43-6369-4159-88DF-A6042D925174,Rescheduled,"Rescheduled 1st appt for Apr 24, 2019 @ 10:15AM w/PM Designer1"
B6552A43-6369-4159-88DF-A6042D925174,Reassigned,"Reassigned 1st appt for Apr 24, 2019 @ 10:15AM w/PM Designer1"
B6552A43-6369-4159-88DF-A6042D925174,Changed Start Time,"Changed Start Time for 1st appt on Apr 24, 2019 w/PM Designer1 to 10:15AM"
B6552A43-6369-4159-88DF-A6042D925174,Changed Duration,"Changed Duration for 1st appt on Apr 24, 2019 w/PM Designer1 to 2h"
B6552A43-6369-4159-88DF-A6042D925174,Scheduled,"Scheduled 1st provisional appt for Apr 24, 2019 @ 10:15AM w/PM Designer1"
B6552A43-6369-4159-88DF-A6042D925174,Rescheduled,"Rescheduled 1st provisional appt for Apr 24, 2019 @ 10:15AM w/PM Designer1"
B6552A43-6369-4159-88DF-A6042D925174,Reassigned,"Reassigned 1st provisional appt for Apr 24, 2019 @ 10:15AM w/PM Designer1"
B6552A43-6369-4159-88DF-A6042D925174,Changed Start Time,"Changed Start Time for 1st provisional appt on Apr 24, 2019 w/PM Designer1 to 10:15AM"
B6552A43-6369-4159-88DF-A6042D925174,Changed Duration,"Changed Duration for 1st provisional appt on Apr 24, 2019 w/PM Designer1 to 2h"
25F423EA-513A-43A6-8CAE-2FA3C6466EF8,Scheduled,"Scheduled FAF appt for Nov 08, 2023 @ 11:00AM w/Dev Designer1"
25F423EA-513A-43A6-8CAE-2FA3C6466EF8,Rescheduled,"Rescheduled FAF appt for Nov 08, 2023 @ 11:00AM w/Dev Designer1"
25F423EA-513A-43A6-8CAE-2FA3C6466EF8,Reassigned,"Reassigned FAF appt for Nov 08, 2023 @ 11:00AM w/Dev Designer1"
25F423EA-513A-43A6-8CAE-2FA3C6466EF8,Changed Start Time,"Changed Start Time for FAF appt on Nov 08, 2023 w/Dev Designer1 to 11:00AM"
25F423EA-513A-43A6-8CAE-2FA3C6466EF8,Changed Duration,"Changed Duration for FAF appt on Nov 08, 2023 w/Dev Designer1 to 4h"
25F423EA-513A-43A6-8CAE-2FA3C6466EF8,Scheduled,"Scheduled FAF provisional appt for Nov 08, 2023 @ 11:00AM w/Dev Designer1"
25F423EA-513A-43A6-8CAE-2FA3C6466EF8,Rescheduled,"Rescheduled FAF provisional appt for Nov 08, 2023 @ 11:00AM w/Dev Designer1"
25F423EA-513A-43A6-8CAE-2FA3C6466EF8,Reassigned,"Reassigned FAF provisional appt for Nov 08, 2023 @ 11:00AM w/Dev Designer1"
25F423EA-513A-43A6-8CAE-2FA3C6466EF8,Changed Start Time,"Changed Start Time for FAF provisional appt on Nov 08, 2023 w/Dev Designer1 to 11:00AM"
25F423EA-513A-43A6-8CAE-2FA3C6466EF8,Changed Duration,"Changed Duration for FAF provisional appt on Nov 08, 2023 w/Dev Designer1 to 4h"
419CE295-50E1-4777-BEC1-08406901C46D,Scheduled,"Scheduled MEET appt for Apr 05, 2019 @ 12:30PM w/Dev Designer3"
419CE295-50E1-4777-BEC1-08406901C46D,Rescheduled,"Rescheduled MEET appt for Apr 05, 2019 @ 12:30PM w/Dev Designer3"
419CE295-50E1-4777-BEC1-08406901C46D,Reassigned,"Reassigned MEET appt for Apr 05, 2019 @ 12:30PM w/Dev Designer3"
419CE295-50E1-4777-BEC1-08406901C46D,Changed Start Time,"Changed Start Time for MEET appt on Apr 05, 2019 w/Dev Designer3 to 12:30PM"
419CE295-50E1-4777-BEC1-08406901C46D,Changed Duration,"Changed Duration for MEET appt on Apr 05, 2019 w/Dev Designer3 to 1h"
419CE295-50E1-4777-BEC1-08406901C46D,Scheduled,"Scheduled MEET provisional appt for Apr 05, 2019 @ 12:30PM w/Dev Designer3"
419CE295-50E1-4777-BEC1-08406901C46D,Rescheduled,"Rescheduled MEET provisional appt for Apr 05, 2019 @ 12:30PM w/Dev Designer3"
419CE295-50E1-4777-BEC1-08406901C46D,Reassigned,"Reassigned MEET provisional appt for Apr 05, 2019 @ 12:30PM w/Dev Designer3"
419CE295-50E1-4777-BEC1-08406901C46D,Changed Start Time,"Changed Start Time for MEET provisional appt on Apr 05, 2019 w/Dev Designer3 to 12:30PM"
419CE295-50E1-4777-BEC1-08406901C46D,Changed Duration,"Changed Duration for MEET provisional appt on Apr 05, 2019 w/Dev Designer3 to 1h"
8E3FC384-C089-4A99-934A-D09A132498E2,Scheduled,"Scheduled FAF appt for Oct 19, 2022 @ 10:30AM w/Dev Designer2"
8E3FC384-C089-4A99-934A-D09A132498E2,Rescheduled,"Rescheduled FAF appt for Oct 19, 2022 @ 10:30AM w/Dev Designer2"
8E3FC384-C089-4A99-934A-D09A132498E2,Reassigned,"Reassigned FAF appt for Oct 19, 2022 @ 10:30AM w/Dev Designer2"
8E3FC384-C089-4A99-934A-D09A132498E2,Changed Start Time,"Changed Start Time for FAF appt on Oct 19, 2022 w/Dev Designer2 to 10:30AM"
8E3FC384-C089-4A99-934A-D09A132498E2,Changed Duration,"Changed Duration for FAF appt on Oct 19, 2022 w/Dev Designer2 to 1h"
8E3FC384-C089-4A99-934A-D09A132498E2,Scheduled,"Scheduled FAF provisional appt for Oct 19, 2022 @ 10:30AM w/Dev Designer2"
8E3FC384-C089-4A99-934A-D09A132498E2,Rescheduled,"Rescheduled FAF provisional appt for Oct 19, 2022 @ 10:30AM w/Dev Designer2"
8E3FC384-C089-4A99-934A-D09A132498E2,Reassigned,"Reassigned FAF provisional appt for Oct 19, 2022 @ 10:30AM w/Dev Designer2"
8E3FC384-C089-4A99-934A-D09A132498E2,Changed Start Time,"Changed Start Time for FAF provisional appt on Oct 19, 2022 w/Dev Designer2 to 10:30AM"
8E3FC384-C089-4A99-934A-D09A132498E2,Changed Duration,"Changed Duration for FAF provisional appt on Oct 19, 2022 w/Dev Designer2 to 1h"
