stack,session_id,account_id,organization_id,org_name
[Eplan_VeoSolutions],3d4fb748-b52a-4dc9-a024-9755f719fb12,726c3ef0-0312-41dd-97fc-32250f18abac,efbdf3ae-fd14-4002-a251-4b8559a0307b,Brighton Homes
[Eplan_VeoSolutions],88ab7977-127e-47e3-8341-5dd5ac80937c,726c3ef0-0312-41dd-97fc-32250f18abac,efbdf3ae-fd14-4002-a251-4b8559a0307b,Brighton Homes
[Eplan_VeoSolutions],47948508-990f-4f00-a067-7ed974c2fcff,776095fe-aab4-4027-a23e-65264959cde4,50a23aac-6731-4a8e-902d-aac2981c6087,Taylor Morrison Las Vegas
[Eplan_VeoSolutions],7c7e4c54-3865-48d5-a9d0-125f2f575265,776095fe-aab4-4027-a23e-65264959cde4,50a23aac-6731-4a8e-902d-aac2981c6087,Taylor Morrison Las Vegas
[Eplan_VeoSolutions],5ed44ec0-ce61-4f64-9673-22b3d4a68c1f,75294dd0-127d-4348-800d-7b269fced699,87d30721-3bdf-45da-b727-055b85b37fd0,Cresleigh Homes
[VeoSolutions],eab111a0-525d-452d-9bd9-ffaa4e118208,776095fe-aab4-4027-a23e-65264959cde4,5cf883a0-efc7-47d0-ba15-26c830e9e61e,Pipedream Properties (TEST)
[VeoSolutions],3f00ec2c-33d8-492c-a63f-56bca9ce7af9,776095fe-aab4-4027-a23e-65264959cde4,5cf883a0-efc7-47d0-ba15-26c830e9e61e,Pipedream Properties (TEST)
[VeoSolutions],b1823c2a-4ac0-4860-bad9-0e3b7763a5b8,bab32b7e-3ada-497c-862e-e5083971cc59,43f7e1a2-31f1-4c53-a837-0a43ba6f94c1,Drees Custom Homes - SA
[VeoSolutions],f87e15d1-3429-4d11-9027-abd7a5cc22fb,bab32b7e-3ada-497c-862e-e5083971cc59,43f7e1a2-31f1-4c53-a837-0a43ba6f94c1,Drees Custom Homes - SA
[VeoSolutions],103472b3-30c0-4683-ac1b-a3a9be1c3e9a,bab32b7e-3ada-497c-862e-e5083971cc59,53980664-eefd-4380-94b1-7fc7f0d84053,Happy Rock Builders
[VeoSolutions],b250015f-24a0-4e41-8d36-54ba365dce04,bab32b7e-3ada-497c-862e-e5083971cc59,8646a2f7-b281-44a6-939b-9776adc445fb,Elk Ridge Homes
[VeoSolutions],65b1795c-7010-435c-8fb3-53d47cec5a3c,bab32b7e-3ada-497c-862e-e5083971cc59,92c11171-f281-47d3-bbd0-a4182c477ee2,HistoryMaker Homes Dallas
[VeoSolutions],3751f5ec-edce-4fcd-abe3-114850ef119d,bab32b7e-3ada-497c-862e-e5083971cc59,92c11171-f281-47d3-bbd0-a4182c477ee2,HistoryMaker Homes Dallas
[VeoSolutions],c4884e6c-fd37-4813-b3e7-d49c6974fd6e,bab32b7e-3ada-497c-862e-e5083971cc59,92c11171-f281-47d3-bbd0-a4182c477ee2,HistoryMaker Homes Dallas
[VeoSolutions],d4e75ad3-4014-4ab8-9be8-d360c6d2d157,bab32b7e-3ada-497c-862e-e5083971cc59,92c11171-f281-47d3-bbd0-a4182c477ee2,HistoryMaker Homes Dallas
[VeoSolutions],606f5da2-2b8b-48f2-9fc6-3d3f7eb8c922,bab32b7e-3ada-497c-862e-e5083971cc59,92c11171-f281-47d3-bbd0-a4182c477ee2,HistoryMaker Homes Dallas
[VeoSolutions],49428852-ebed-4ce3-8b22-041faf74c231,bab32b7e-3ada-497c-862e-e5083971cc59,92c11171-f281-47d3-bbd0-a4182c477ee2,HistoryMaker Homes Dallas
[VeoSolutions],614ea36d-b290-4424-b5c0-efd825dc2311,bab32b7e-3ada-497c-862e-e5083971cc59,92c11171-f281-47d3-bbd0-a4182c477ee2,HistoryMaker Homes Dallas
[VeoSolutions],8f9232d9-7691-4bd2-a5fc-87893b5ea9f5,bab32b7e-3ada-497c-862e-e5083971cc59,fb2376f3-6de0-4655-b54a-ad4094f2c56a,Journey Homes
[VeoSolutions],bb9a9d13-3f1e-465a-b41e-67342a642d50,bab32b7e-3ada-497c-862e-e5083971cc59,be59a21f-de66-4696-b6a3-c375ea23beb3,Taylor Morrison - Dallas
[VeoSolutions],8a42a2bc-e560-48b4-b001-6bda1bb75d74,bab32b7e-3ada-497c-862e-e5083971cc59,be59a21f-de66-4696-b6a3-c375ea23beb3,Taylor Morrison - Dallas
[VeoSolutions],de1c230d-d455-4ec4-a85b-5837b551814f,bab32b7e-3ada-497c-862e-e5083971cc59,ab55ae9a-08b8-4942-86d4-d9dd09339f89,Bellaire Homes
[VeoSolutions],23d11ff4-d111-4a56-8b88-ac79f5bb0e63,bab32b7e-3ada-497c-862e-e5083971cc59,460a54c7-1475-43ae-8b90-f1628a918a00,Risewell Homes - Austin
